Borough,Neighborhood,Latitude,Longitude
济南市历下区,大明湖街道办事处,,
济南市历下区,千佛山街道办事处,,
济南市历下区,燕山街道办事处,,
济南市历下区,泉城路街道办事处,,
济南市历下区,趵突泉街道办事处,,
济南市历下区,东关街道办事处,,
济南市历下区,解放路街道办事处,,
济南市历下区,建筑新村街道办事处,,
济南市历下区,文化东路街道办事处,,
济南市历下区,甸柳新村街道办事处,,
济南市历下区,姚家街道办事处,,
济南市历下区,智远街道办事处,,
济南市历下区,龙洞街道办事处,,
济南市历下区,舜华路街道办事处,,
济南市市中区,泺源街道办事处,,
济南市市中区,杆石桥街道办事处,,
济南市市中区,魏家庄街道办事处,,
济南市市中区,大观园街道办事处,,
济南市市中区,四里村街道办事处,,
济南市市中区,六里山街道办事处,,
济南市市中区,七里山街道办事处,,
济南市市中区,二七新村街道办事处,,
济南市市中区,舜玉路街道办事处,,
济南市市中区,舜耕街道办事处,,
济南市市中区,王官庄街道办事处,,
济南市市中区,七贤街道办事处,,
济南市市中区,白马山街道办事处,,
济南市市中区,十六里河街道办事处,,
济南市市中区,兴隆街道办事处,,
济南市市中区,党家街道办事处,,
济南市市中区,陡沟街道办事处,,
济南市槐荫区,西市场街道办事处,,
济南市槐荫区,五里沟街道办事处,,
济南市槐荫区,道德街街道办事处,,
济南市槐荫区,营市街街道办事处,,
济南市槐荫区,青年公园街道办事处,,
济南市槐荫区,中大槐树街道办事处,,
济南市槐荫区,振兴街街道办事处,,
济南市槐荫区,南辛庄街道办事处,,
济南市槐荫区,段店北路街道办事处,,
济南市槐荫区,匡山街道办事处,,
济南市槐荫区,张庄路街道办事处,,
济南市槐荫区,美里湖街道办事处,,
济南市槐荫区,兴福街道办事处,,
济南市槐荫区,玉清湖街道办事处,,
济南市槐荫区,腊山街道办事处,,
济南市槐荫区,吴家堡街道办事处,,
济南市天桥区,无影山街道办事处,,
济南市天桥区,堤口路街道办事处,,
济南市天桥区,宝华街街道办事处,,
济南市天桥区,工人新村南村街道办事处,,
济南市天桥区,工人新村北村街道办事处,,
济南市天桥区,官扎营街道办事处,,
济南市天桥区,北坦街道办事处,,
济南市天桥区,天桥东街街道办事处,,
济南市天桥区,制锦市街道办事处,,
济南市天桥区,纬北路街道办事处,,
济南市天桥区,北园街道办事处,,
济南市天桥区,泺口街道办事处,,
济南市天桥区,药山街道办事处,,
济南市天桥区,大桥街道办事处,,
济南市天桥区,桑梓店街道办事处,,
济南市历城区,洪家楼街道办事处,,
济南市历城区,山大路街道办事处,,
济南市历城区,东风街道办事处,,
济南市历城区,全福街道办事处,,
济南市历城区,孙村街道办事处,,
济南市历城区,巨野河街道办事处,,
济南市历城区,华山街道办事处,,
济南市历城区,荷花路街道办事处,,
济南市历城区,王舍人街道办事处,,
济南市历城区,鲍山街道办事处,,
济南市历城区,郭店街道办事处,,
济南市历城区,唐冶街道办事处,,
济南市历城区,港沟街道办事处,,
济南市历城区,遥墙街道办事处,,
济南市历城区,临港街道办事处,,
济南市历城区,董家街道办事处,,
济南市历城区,仲宫街道办事处,,
济南市历城区,彩石街道办事处,,
济南市历城区,柳埠街道办事处,,
济南市历城区,唐王镇,,
济南市历城区,西营镇,,
济南市长清区,文昌街道办事处,,
济南市长清区,平安街道办事处,,
济南市长清区,崮云湖街道办事处,,
济南市长清区,五峰山街道办事处,,
济南市长清区,归德街道办事处,,
济南市长清区,张夏街道办事处,,
济南市长清区,万德街道办事处,,
济南市长清区,孝里镇,,
济南市长清区,马山镇,,
济南市长清区,双泉镇,,
济南市章丘区,明水街道办事处,,
济南市章丘区,双山街道办事处,,
济南市章丘区,龙山街道办事处,,
济南市章丘区,枣园街道办事处,,
济南市章丘区,埠村街道办事处,,
济南市章丘区,圣井街道办事处,,
济南市章丘区,绣惠街道办事处,,
济南市章丘区,相公庄街道办事处,,
济南市章丘区,文祖街道办事处,,
济南市章丘区,普集街道办事处,,
济南市章丘区,官庄街道办事处,,
济南市章丘区,高官寨街道办事处,,
济南市章丘区,白云湖街道办事处,,
济南市章丘区,宁家埠街道办事处,,
济南市章丘区,曹范街道办事处,,
济南市章丘区,刁镇,,
济南市章丘区,垛庄镇,,
济南市章丘区,黄河镇,,
济南市济阳区,济阳街道办事处,,
济南市济阳区,济北街道办事处,,
济南市济阳区,回河街道办事处,,
济南市济阳区,孙耿街道办事处,,
济南市济阳区,太平街道办事处,,
济南市济阳区,崔寨街道办事处,,
济南市济阳区,曲堤镇,,
济南市济阳区,仁风镇,,
济南市济阳区,垛石镇,,
济南市济阳区,新市镇,,
济南市平阴县,榆山街道办事处,,
济南市平阴县,锦水街道办事处,,
济南市平阴县,洪范池镇,,
济南市平阴县,东阿镇,,
济南市平阴县,孔村镇,,
济南市平阴县,孝直镇,,
济南市平阴县,玫瑰镇,,
济南市平阴县,安城镇,,
济南市商河县,许商街道办事处,,
济南市商河县,玉皇庙镇,,
济南市商河县,龙桑寺镇,,
济南市商河县,贾庄镇,,
济南市商河县,殷巷镇,,
济南市商河县,郑路镇,,
济南市商河县,怀仁镇,,
济南市商河县,白桥镇,,
济南市商河县,孙集镇,,
济南市商河县,韩庙镇,,
济南市商河县,张坊镇,,
济南市商河县,沙河镇,,
济南市莱芜区,凤城街道办事处,,
济南市莱芜区,张家洼街道办事处,,
济南市莱芜区,高庄街道办事处,,
济南市莱芜区,鹏泉街道办事处,,
济南市莱芜区,口镇,,
济南市莱芜区,羊里镇,,
济南市莱芜区,方下镇,,
济南市莱芜区,牛泉镇,,
济南市莱芜区,苗山镇,,
济南市莱芜区,雪野镇,,
济南市莱芜区,大王庄镇,,
济南市莱芜区,寨里镇,,
济南市莱芜区,杨庄镇,,
济南市莱芜区,茶业口镇,,
济南市莱芜区,和庄镇,,
济南市钢城区,艾山街道办事处,,
济南市钢城区,颜庄镇,,
济南市钢城区,黄庄镇,,
济南市钢城区,里辛镇,,
济南市钢城区,辛庄镇,,
